firstName,lastName,role
Chad,Willms,Dynamic Usability Developer
Roslyn,Botsford,Corporate Intranet Strategist
Nick,Kovacek,Direct Division Planner
Brad,Parker,Regional Response Agent
Shaylee,Roob,Product Factors Coordinator
Jessie,Miller,Future Optimization Planner
Rhiannon,Greenfelder,Central Paradigm Liaison
Jalon,Goodwin,Regional Accounts Technician
Mariana,Heidenreich,Global Brand Producer
Creola,Mitchell,Human Applications Designer
Jacinto,Hills,Senior Intranet Director
Lucile,Kerluke,Global Division Consultant
Jennyfer,Barrows,Human Data Supervisor
Drake,Orn,Legacy Operations Executive
Nathen,Johnson,Direct Identity Architect
Alysson,Crona,Global Metrics Administrator
Tess,Murazik,Legacy Markets Officer
Jonathon,Jaskolski,National Identity Associate
Oceane,Towne,Senior Assurance Analyst
Thora,Nienow,Principal Mobility Coordinator
